id,label,class,text
1,1,Phishing,"URGENT: Your bank account has been suspended. Click here to verify your password immediately or it will be disabled."
2,1,Phishing,"Dear customer, your account will be locked. Login now to confirm your billing information within 24 hours."
3,1,Phishing,"You have won a prize! Claim your gift card now. Click here and verify your social security number."
4,1,Phishing,"Action required: Unusual activity detected on your account. Click to verify your identity immediately."
5,1,Phishing,"Your password will expire in 24 hours. Update your password now to avoid account suspension."
6,1,Phishing,"FREE OFFER! Limited time only. Click here to claim your bitcoin reward. Act now do not ignore!"
7,1,Phishing,"Dear valued customer your credit card has been locked. Verify your account to restore access immediately."
8,1,Phishing,"IRS Tax Refund: You are eligible for a tax refund. Click here to claim your money immediately."
9,1,Phishing,"ALERT: Suspicious login detected on your account. Confirm your identity now or your account will be terminated."
10,1,Phishing,"Congratulations! You have been selected for a $1000 gift card. Verify your bank details to receive your prize."
11,1,Phishing,"Your wire transfer of $5000 has been initiated. Click here to cancel if you did not authorize this payment."
12,1,Phishing,"PayPal account is limited. Please verify your information and update your password within 24 hours."
13,1,Phishing,"Dear user we noticed unusual activity. Update your account details at this link immediately to avoid suspension."
14,1,Phishing,"Nigerian prince inheritance: I have $20 million inheritance and need your bank account details urgently."
15,1,Phishing,"Your crypto wallet has been compromised. Reset your password now at http://secure-reset.ru/verify to protect your bitcoin."
16,1,Phishing,"Account alert: Your email account will expire. Click the link to renew your account and verify password."
17,1,Phishing,"You owe unpaid taxes. The IRS will suspend your social security number. Pay immediately to avoid legal action."
18,1,Phishing,"WINNER! You have been selected as a lucky winner. Claim your bonus prize. Send your bank account details now."
19,1,Phishing,"Security alert: Someone tried to login to your account. Click here to verify and reset your password now."
20,1,Phishing,"Final warning: Your account has been flagged for suspicious activity. Verify your credit card details or lose access."
21,1,Phishing,"Your Microsoft account is at risk. Verify your identity by clicking here and confirming your password immediately."
22,1,Phishing,"Urgent bank notification: unusual activity on your account. Log in now to verify transactions or account will be locked."
23,1,Phishing,"Dear customer, as per our records your subscription has expired. Click here to renew and verify billing details."
24,1,Phishing,"You have a pending inheritance of $4.5 million. Contact us with your bank details to claim your funds."
25,1,Phishing,"Limited offer: Free iPhone 15! Click to verify your address and credit card. Only 3 left. Act now!"
26,1,Phishing,"Your account will be deleted in 48 hours unless you verify your email and password at this secure link."
27,1,Phishing,"Phishing test: Enter your bank password here. Urgent: your account is at risk from suspicious activity."
28,1,Phishing,"Update required: your payment method has failed. Click here to update your billing information and avoid suspension."
29,1,Phishing,"Dear valued member, your loyalty bonus is ready. Verify your account details to claim $500 bonus credit."
30,1,Phishing,"SYSTEM ALERT: Unauthorized access attempt on your account. Verify identity immediately. Click here to secure your account."
31,0,Legitimate,"Hi Sarah, following up on our meeting last Thursday. Please find the Q3 report attached for your review."
32,0,Legitimate,"Meeting scheduled tomorrow at 3pm in the main conference room. Please let me know if you have any questions."
33,0,Legitimate,"Thank you for your order number 12345. Your package will arrive in 3 to 5 business days."
34,0,Legitimate,"Hi team, please review the attached project timeline and provide your feedback by end of week."
35,0,Legitimate,"Reminder: quarterly performance review is next Monday. Please come prepared with your accomplishments list."
36,0,Legitimate,"Looking forward to our call tomorrow. Let me know if the time still works for you or if you need to reschedule."
37,0,Legitimate,"Please find attached the invoice for last month services. Let me know if you have any questions or concerns."
38,0,Legitimate,"Hope you had a great vacation! We missed you at the team lunch on Friday. Welcome back to the office."
39,0,Legitimate,"The project is on track. We will have all the deliverables ready by end of this week as planned."
40,0,Legitimate,"As discussed in our last meeting, here are the action items we agreed on with their respective owners."
41,0,Legitimate,"Happy to help with that! Let me know if you need anything else from my end before the deadline."
42,0,Legitimate,"The design team has finished the mockups for review. Please share your thoughts and any revisions needed."
43,0,Legitimate,"Lunch tomorrow? There is a new Italian place that just opened near the office that everyone is talking about."
44,0,Legitimate,"Thank you for your prompt response. We will proceed as discussed in our conversation yesterday."
45,0,Legitimate,"Just checking in to see how the onboarding is going. Feel free to reach out anytime if you need support."
46,0,Legitimate,"Attached is the draft proposal for your review. Please send your comments by Thursday so we can finalize."
47,0,Legitimate,"The conference call has been moved to 2pm. Dial-in details remain the same as before. See you then."
48,0,Legitimate,"Great work on the presentation! The client was really impressed with the analysis and the data you provided."
49,0,Legitimate,"Can you send me the updated figures for the Q4 budget? I need them before the board meeting on Friday."
50,0,Legitimate,"FYI the office will be closed on Monday for the holiday. Enjoy the long weekend and rest well."
51,0,Legitimate,"Hi, I wanted to introduce myself. I am the new product manager joining the team starting next Monday."
52,0,Legitimate,"Please review the attached contract and let me know if the terms are acceptable before signing."
53,0,Legitimate,"The release notes for version 2.4 are attached. Please review and approve before we send to customers."
54,0,Legitimate,"Following up on the support ticket you submitted. The engineering team has identified the issue and will fix it."
55,0,Legitimate,"Your subscription renewal is coming up on the 15th. You can manage your plan in the account settings."
56,0,Legitimate,"Hi John, just wanted to thank you for covering my shift last week. Really appreciate your help."
57,0,Legitimate,"The weekly standup is moved from Tuesday to Wednesday this week due to a scheduling conflict."
58,0,Legitimate,"I have reviewed the marketing plan and have a few suggestions. Can we schedule a 30 minute call to discuss?"
59,0,Legitimate,"Sending over the slides from yesterday presentation. Feel free to share with your team as needed."
60,0,Legitimate,"Your annual performance review is scheduled for next week. Please complete the self-assessment form beforehand."